Uruguay,group,13-Jul-30,France,Mexico,4,1
Uruguay,group,15-Jul-30,Argentina,France,1,0
Uruguay,group,16-Jul-30,Chile,Mexico,3,0
Uruguay,group,19-Jul-30,Chile,France,1,0
Uruguay,group,19-Jul-30,Argentina,Mexico,6,3
Uruguay,group,22-Jul-30,Argentina,Chile,3,1
Uruguay,group,14-Jul-30,Yugoslavia,Brazil,2,1
Uruguay,group,17-Jul-30,Yugoslavia,Bolivia,4,0
Uruguay,group,20-Jul-30,Brazil,Bolivia,4,0
Uruguay,group,14-Jul-30,Romania,Peru,3,1
Uruguay,group,18-Jul-30,Uruguay,Peru,1,0
Uruguay,group,21-Jul-30,Uruguay,Romania,4,0
Uruguay,group,13-Jul-30,United States,Belgium,3,0
Uruguay,group,17-Jul-30,United States,Paraguay,3,0
Uruguay,group,20-Jul-30,Paraguay,Belgium,1,0
Uruguay,semi final,26-Jul-30,Argentina,United States,6,1
Uruguay,semi final,27-Jul-30,Uruguay,Yugoslavia,6,1
Uruguay,final,30-Jul-30,Uruguay,Argentina,4,2
Italy,first round,27-Mai-1934,Spain,Brazil,3,1
Italy,first round,27-Mai-1934,Hungary,Egypt,4,2
Italy,first round,27-Mai-1934,Switzerland,Netherlands,3,2
Italy,first round,27-Mai-1934,Italy,United States,7,1
Italy,first round,27-Mai-1934,Czechoslovakia,Romania,2,1
Italy,first round,27-Mai-1934,Sweden,Argentina,3,2
Italy,first round,27-Mai-1934,Austria,France,3,2
Italy,first round,27-Mai-1934,Germany,Belgium,5,2
Italy,quarter final,31-Mai-1934,Austria,Hungary,2,1
Italy,quarter final,31-Mai-1934,Italy,Spain,1,1
Italy,replay,1-Jun-34,Italy,Spain,1,0
Italy,quarter final,31-Mai-1934,Germany,Sweden,2,1
Italy,quarter final,31-Mai-1934,Czechoslovakia,Switzerland,3,2
Italy,semi final,3-Jun-34,Italy,Austria,1,0
Italy,semi final,3-Jun-34,Czechoslovakia,Germany,3,1
Italy,third place match,7-Jun-34,Germany,Austria,3,2
Italy,final,10-Jun-34,Italy,Czechoslovakia,2,1
France,first round,4-Jun-38,Germany,Switzerland,1,1
France,first round,5-Jun-38,Hungary,Dutch East Indies,6,0
France,first round,5-Jun-38,Sweden,Austria,,
France,first round,5-Jun-38,Cuba,Romania,3,3
France,first round,5-Jun-38,France,Belgium,3,1
France,first round,5-Jun-38,Italy,Norway,2,1
France,first round,5-Jun-38,Brazil,Poland,6,5
France,first round,5-Jun-38,Czechoslovakia,Netherlands,3,0
France,replay,9-Jun-38,Germany,Switzerland,2,4
France,replay,9-Jun-38,Cuba,Romania,2,1
France,quarter final,12-Jun-38,Switzerland,Hungary,0,2
France,quarter final,12-Jun-38,Sweden,Cuba,8,0
France,quarter final,12-Jun-38,France,Italy,1,3
France,quarter final,12-Jun-38,Brazil,Czechoslovakia,1,1
France,replay,14-Jun-38,Brazil,Czechoslovakia,2,1
France,semi final,16-Jun-38,Hungary,Sweden,5,1
France,semi final,16-Jun-38,Italy,Brazil,2,1
France,third place match,19-Jun-38,Sweden,Brazil,2,4
France,final,19-Jun-38,Hungary,Italy,2,4
Brazil,group,24-Jun-50,Brazil,Mexico,4,0
Brazil,group,25-Jun-50,Yugoslavia,Switzerland,3,0
Brazil,group,28-Jun-50,Brazil,Switzerland,2,2
Brazil,group,28-Jun-50,Mexico,Yugoslavia,1,4
Brazil,group,1-Jul-50,Brazil,Yugoslavia,2,0
Brazil,group,2-Jul-50,Mexico,Switzerland,1,2
Brazil,group,25-Jun-50,England,Chile,2,0
Brazil,group,25-Jun-50,Spain,United States,3,1
Brazil,group,29-Jun-50,Spain,Chile,2,0
Brazil,group,29-Jun-50,United States,England,1,0
Brazil,group,2-Jul-50,Spain,England,1,0
Brazil,group,2-Jul-50,Chile,United States,5,2
Brazil,group,25-Jun-50,Sweden,Italy,3,2
Brazil,group,29-Jun-50,Sweden,Paraguay,2,2
Brazil,group,2-Jul-50,Italy,Paraguay,2,0
Brazil,group,2-Jul-50,Uruguay,Bolivia,8,0
Brazil,final round,9-Jul-50,Brazil,Sweden,7,1
Brazil,final round,9-Jul-50,Uruguay,Spain,2,2
Brazil,final round,13-Jul-50,Brazil,Spain,6,1
Brazil,final round,13-Jul-50,Uruguay,Sweden,3,2
Brazil,final round,16-Jul-50,Sweden,Spain,3,1
Brazil,final round,16-Jul-50,Uruguay,Brazil,2,1
Switzerland,group,16-Jun-54,Brazil,Mexico,5,0
Switzerland,group,16-Jun-54,Yugoslavia,France,1,0
Switzerland,group,19-Jun-54,Brazil,Yugoslavia,1,1
Switzerland,group,19-Jun-54,France,Mexico,3,2
Switzerland,group,17-Jun-54,West Germany,Turkey,4,1
Switzerland,group,17-Jun-54,Hungary,Korea Republic,9,0
Switzerland,group,20-Jun-54,Hungary,West Germany,8,3
Switzerland,group,20-Jun-54,Turkey,Korea Republic,7,0
Switzerland,play off,23-Jun-54,West Germany,Turkey,7,2
Switzerland,group,16-Jun-54,Uruguay,Czechoslovakia,2,0
Switzerland,group,16-Jun-54,Austria,Scotland,1,0
Switzerland,group,19-Jun-54,Uruguay,Scotland,7,0
Switzerland,group,19-Jun-54,Austria,Czechoslovakia,5,0
Switzerland,group,17-Jun-54,Switzerland,Italy,2,1
Switzerland,group,17-Jun-54,England,Belgium,4,4
Switzerland,group,20-Jun-54,Italy,Belgium,4,1
Switzerland,group,20-Jun-54,England,Switzerland,2,0
Switzerland,play off,23-Jun-54,Switzerland,Italy,4,1
Switzerland,quarter final,26-Jun-54,Austria,Switzerland,7,5
Switzerland,quarter final,26-Jun-54,Uruguay,England,4,2
Switzerland,quarter final,27-Jun-54,Brazil,Hungary,2,4
Switzerland,quarter final,27-Jun-54,Yugoslavia,West Germany,0,2
Switzerland,semi final,30-Jun-54,Hungary,Uruguay,4,2
Switzerland,semi final,30-Jun-54,West Germany,Austria,6,1
Switzerland,third place match,3-Jul-54,Uruguay,Austria,1,3
Switzerland,final,4-Jul-54,Hungary,West Germany,2,3
Sweden,group,8-Jun-58,West Germany,Argentina,3,1
Sweden,group,8-Jun-58,Northern Ireland,Czechoslovakia,1,0
Sweden,group,11-Jun-58,Argentina,Northern Ireland,3,1
Sweden,group,11-Jun-58,West Germany,Czechoslovakia,2,2
Sweden,group,15-Jun-58,West Germany,Northern Ireland,2,2
Sweden,group,15-Jun-58,Czechoslovakia,Argentina,6,1
Sweden,play off,17-Jun-58,Northern Ireland,Czechoslovakia,2,1
Sweden,group,8-Jun-58,France,Paraguay,7,3
Sweden,group,8-Jun-58,Yugoslavia,Scotland,1,1
Sweden,group,11-Jun-58,Yugoslavia,France,3,2
Sweden,group,11-Jun-58,Paraguay,Scotland,3,2
Sweden,group,15-Jun-58,France,Scotland,2,1
Sweden,group,15-Jun-58,Paraguay,Yugoslavia,3,3
Sweden,group,8-Jun-58,Sweden,Mexico,3,0
Sweden,group,8-Jun-58,Hungary,Wales,1,1
Sweden,group,11-Jun-58,Mexico,Wales,1,1
Sweden,group,12-Jun-58,Sweden,Hungary,2,1
Sweden,group,15-Jun-58,Sweden,Wales,0,0
Sweden,group,15-Jun-58,Hungary,Mexico,4,0
Sweden,play off,17-Jun-58,Wales,Hungary,2,1
Sweden,group,8-Jun-58,Brazil,Austria,3,0
Sweden,group,8-Jun-58,Soviet Union,England,2,2
Sweden,group,11-Jun-58,Brazil,England,0,0
Sweden,group,11-Jun-58,Soviet Union,Austria,2,0
Sweden,group,15-Jun-58,England,Austria,2,2
Sweden,group,15-Jun-58,Brazil,Soviet Union,2,0
Sweden,play off,17-Jun-58,Soviet Union,England,1,0
Sweden,quarter final,19-Jun-58,France,Northern Ireland,4,0
Sweden,quarter final,19-Jun-58,Sweden,Soviet Union,2,0
Sweden,quarter final,19-Jun-58,Brazil,Wales,1,0
Sweden,quarter final,19-Jun-58,West Germany,Yugoslavia,1,0
Sweden,semi final,24-Jun-58,France,Brazil,2,5
Sweden,semi final,24-Jun-58,West Germany,Sweden,1,3
Sweden,third place match,28-Jun-58,West Germany,France,3,6
Sweden,final,29-Jun-58,Sweden,Brazil,2,5
Chile,group,30-Mai-1962,Uruguay,Colombia,2,1
Chile,group,31-Mai-1962,Soviet Union,Yugoslavia,2,0
Chile,group,2-Jun-62,Yugoslavia,Uruguay,3,1
Chile,group,3-Jun-62,Soviet Union,Colombia,4,4
Chile,group,6-Jun-62,Soviet Union,Uruguay,2,1
Chile,group,7-Jun-62,Yugoslavia,Colombia,5,0
Chile,group,30-Mai-1962,Chile,Switzerland,3,1
Chile,group,31-Mai-1962,West Germany,Italy,0,0
Chile,group,2-Jun-62,Chile,Italy,2,0
Chile,group,3-Jun-62,West Germany,Switzerland,2,1
Chile,group,6-Jun-62,West Germany,Chile,2,0
Chile,group,7-Jun-62,Italy,Switzerland,3,0
Chile,group,30-Mai-1962,Brazil,Mexico,2,0
Chile,group,31-Mai-1962,Czechoslovakia,Spain,1,0
Chile,group,2-Jun-62,Brazil,Czechoslovakia,0,0
Chile,group,3-Jun-62,Spain,Mexico,1,0
Chile,group,6-Jun-62,Brazil,Spain,2,1
Chile,group,7-Jun-62,Mexico,Czechoslovakia,3,1
Chile,group,30-Mai-1962,Argentina,Bulgaria,1,0
Chile,group,31-Mai-1962,Hungary,England,2,1
Chile,group,2-Jun-62,England,Argentina,3,1
Chile,group,3-Jun-62,Hungary,Bulgaria,6,1
Chile,group,6-Jun-62,Hungary,Argentina,0,0
Chile,group,7-Jun-62,England,Bulgaria,0,0
Chile,quarter final,10-Jun-62,Chile,Soviet Union,2,1
Chile,quarter final,10-Jun-62,Czechoslovakia,Hungary,1,0
Chile,quarter final,10-Jun-62,Brazil,England,3,1
Chile,quarter final,10-Jun-62,Yugoslavia,West Germany,1,0
Chile,semi final,13-Jun-62,Czechoslovakia,Yugoslavia,3,1
Chile,semi final,13-Jun-62,Brazil,Chile,4,2
Chile,third place match,16-Jun-62,Chile,Yugoslavia,1,0
Chile,final,17-Jun-62,Brazil,Czechoslovakia,3,1
England,group,11-Jul-66,England,Uruguay,0,0
England,group,13-Jul-66,France,Mexico,1,1
England,group,15-Jul-66,Uruguay,France,2,1
England,group,16-Jul-66,England,Mexico,2,0
England,group,19-Jul-66,Mexico,Uruguay,0,0
England,group,20-Jul-66,England,France,2,0
England,group,12-Jul-66,West Germany,Switzerland,5,0
England,group,13-Jul-66,Argentina,Spain,2,1
England,group,15-Jul-66,Spain,Switzerland,2,1
England,group,16-Jul-66,Argentina,West Germany,0,0
England,group,19-Jul-66,Argentina,Switzerland,2,0
England,group,20-Jul-66,West Germany,Spain,2,1
England,group,12-Jul-66,Brazil,Bulgaria,2,0
England,group,13-Jul-66,Portugal,Hungary,3,1
England,group,15-Jul-66,Hungary,Brazil,3,1
England,group,16-Jul-66,Portugal,Bulgaria,3,0
England,group,19-Jul-66,Portugal,Brazil,3,1
England,group,20-Jul-66,Hungary,Bulgaria,3,1
England,group,12-Jul-66,Soviet Union,Korea DPR,3,0
England,group,13-Jul-66,Italy,Chile,2,0
England,group,15-Jul-66,Chile,Korea DPR,1,1
England,group,16-Jul-66,Soviet Union,Italy,1,0
England,group,19-Jul-66,Korea DPR,Italy,1,0
England,group,20-Jul-66,Soviet Union,Chile,2,1
England,quarter final,23-Jul-66,Portugal,Korea DPR,5,3
England,quarter final,23-Jul-66,West Germany,Uruguay,4,0
England,quarter final,23-Jul-66,Soviet Union,Hungary,2,1
England,quarter final,23-Jul-66,England,Argentina,1,0
England,semi final,25-Jul-66,West Germany,Soviet Union,2,1
England,semi final,26-Jul-66,England,Portugal,2,1
England,third place match,28-Jul-66,Portugal,Soviet Union,2,1
England,final,30-Jul-66,England,West Germany,4,2
Mexico,group,31-Mai-1970,Mexico,Soviet Union,0,0
Mexico,group,3-Jun-70,Belgium,El Salvador,3,0
Mexico,group,6-Jun-70,Soviet Union,Belgium,4,1
Mexico,group,7-Jun-70,Mexico,El Salvador,4,0
Mexico,group,10-Jun-70,Soviet Union,El Salvador,2,0
Mexico,group,11-Jun-70,Mexico,Belgium,1,0
Mexico,group,2-Jun-70,Uruguay,Israel,2,0
Mexico,group,3-Jun-70,Italy,Sweden,1,0
Mexico,group,6-Jun-70,Uruguay,Italy,0,0
Mexico,group,7-Jun-70,Israel,Sweden,1,1
Mexico,group,10-Jun-70,Sweden,Uruguay,1,0
Mexico,group,11-Jun-70,Italy,Israel,0,0
Mexico,group,2-Jun-70,England,Romania,1,0
Mexico,group,3-Jun-70,Brazil,Czechoslovakia,4,1
Mexico,group,6-Jun-70,Romania,Czechoslovakia,2,1
Mexico,group,7-Jun-70,Brazil,England,1,0
Mexico,group,10-Jun-70,Brazil,Romania,3,2
Mexico,group,11-Jun-70,England,Czechoslovakia,1,0
Mexico,group,2-Jun-70,Peru,Bulgaria,3,2
Mexico,group,3-Jun-70,West Germany,Morocco,2,1
Mexico,group,6-Jun-70,Peru,Morocco,3,0
Mexico,group,7-Jun-70,West Germany,Bulgaria,5,2
Mexico,group,10-Jun-70,West Germany,Peru,3,1
Mexico,group,11-Jun-70,Morocco,Bulgaria,1,1
Mexico,quarter final,14-Jun-70,West Germany,England,3,2
Mexico,quarter final,14-Jun-70,Brazil,Peru,4,2
Mexico,quarter final,14-Jun-70,Italy,Mexico,4,1
Mexico,quarter final,14-Jun-70,Uruguay,Soviet Union,1,0
Mexico,semi final,17-Jun-70,Brazil,Uruguay,3,1
Mexico,semi final,17-Jun-70,Italy,West Germany,4,3
Mexico,third place match,20-Jun-70,West Germany,Uruguay,1,0
Mexico,final,21-Jun-70,Brazil,Italy,4,1
West Germany,group,14-Jun-74,West Germany,Chile,1,0
West Germany,group,14-Jun-74,East Germany,Australia,2,0
West Germany,group,18-Jun-74,Australia,West Germany,0,3
West Germany,group,18-Jun-74,Chile,East Germany,1,1
West Germany,group,22-Jun-74,Australia,Chile,0,0
West Germany,group,22-Jun-74,East Germany,West Germany,1,0
West Germany,group,13-Jun-74,Brazil,Yugoslavia,0,0
West Germany,group,14-Jun-74,Zaire,Scotland,0,2
West Germany,group,18-Jun-74,Yugoslavia,Zaire,9,0
West Germany,group,18-Jun-74,Scotland,Brazil,0,0
West Germany,group,22-Jun-74,Scotland,Yugoslavia,1,1
West Germany,group,22-Jun-74,Zaire,Brazil,0,3
West Germany,group,15-Jun-74,Uruguay,Netherlands,0,2
West Germany,group,15-Jun-74,Sweden,Bulgaria,0,0
West Germany,group,19-Jun-74,Uruguay,Bulgaria,1,1
West Germany,group,19-Jun-74,Netherlands,Sweden,0,0
West Germany,group,23-Jun-74,Netherlands,Bulgaria,4,1
West Germany,group,23-Jun-74,Sweden,Uruguay,3,0
West Germany,group,15-Jun-74,Italy,Haiti,3,1
West Germany,group,15-Jun-74,Poland,Argentina,3,2
West Germany,group,19-Jun-74,Argentina,Italy,1,1
West Germany,group,19-Jun-74,Haiti,Poland,0,7
West Germany,group,23-Jun-74,Argentina,Haiti,4,1
West Germany,group,23-Jun-74,Poland,Italy,2,1
West Germany,second round group a ,26-Jun-74,Netherlands,Argentina,4,0
West Germany,second round group a ,26-Jun-74,Brazil,East Germany,1,0
West Germany,second round group a ,30-Jun-74,Argentina,Brazil,1,2
West Germany,second round group a ,30-Jun-74,East Germany,Netherlands,0,2
West Germany,second round group a ,3-Jul-74,Argentina,East Germany,1,1
West Germany,second round group a ,3-Jul-74,Netherlands,Brazil,2,0
West Germany,second round group b,26-Jun-74,Yugoslavia,West Germany,0,2
West Germany,second round group b,26-Jun-74,Sweden,Poland,0,1
West Germany,second round group b,30-Jun-74,Poland,Yugoslavia,2,1
West Germany,second round group b,30-Jun-74,West Germany,Sweden,4,2
West Germany,second round group b,3-Jul-74,Poland,West Germany,0,1
West Germany,second round group b,3-Jul-74,Sweden,Yugoslavia,2,1
West Germany,third place match,6-Jul-74,Brazil,Poland,0,1
West Germany,final,7-Jul-74,Netherlands,West Germany,1,2
Argentina,group,2-Jun-78,Italy,France,2,1
Argentina,group,2-Jun-78,Argentina,Hungary,2,1
Argentina,group,6-Jun-78,Italy,Hungary,3,1
Argentina,group,6-Jun-78,Argentina,France,2,1
Argentina,group,10-Jun-78,France,Hungary,3,1
Argentina,group,10-Jun-78,Argentina,Italy,0,1
Argentina,group,1-Jun-78,West Germany,Poland,0,0
Argentina,group,2-Jun-78,Tunisia,Mexico,3,1
Argentina,group,6-Jun-78,West Germany,Mexico,6,0
Argentina,group,6-Jun-78,Poland,Tunisia,1,0
Argentina,group,10-Jun-78,West Germany,Tunisia,0,0
Argentina,group,10-Jun-78,Poland,Mexico,3,1
Argentina,group,3-Jun-78,Austria,Spain,2,1
Argentina,group,3-Jun-78,Brazil,Sweden,1,1
Argentina,group,7-Jun-78,Austria,Sweden,1,0
Argentina,group,7-Jun-78,Brazil,Spain,0,0
Argentina,group,11-Jun-78,Spain,Sweden,1,0
Argentina,group,11-Jun-78,Brazil,Austria,1,0
Argentina,group,3-Jun-78,Peru,Scotland,3,1
Argentina,group,3-Jun-78,Netherlands,Iran,3,0
Argentina,group,7-Jun-78,Scotland,Iran,1,1
Argentina,group,7-Jun-78,Netherlands,Peru,0,0
Argentina,group,11-Jun-78,Peru,Iran,4,1
Argentina,group,11-Jun-78,Scotland,Netherlands,3,2
Argentina,second round group a,14-Jun-78,Austria,Netherlands,1,5
Argentina,second round group a,14-Jun-78,Italy,West Germany,0,0
Argentina,second round group a,18-Jun-78,Netherlands,West Germany,2,2
Argentina,second round group a,18-Jun-78,Italy,Austria,1,0
Argentina,second round group a,21-Jun-78,Austria,West Germany,3,2
Argentina,second round group a,21-Jun-78,Italy,Netherlands,1,2
Argentina,second round group b,14-Jun-78,Peru,Brazil,0,3
Argentina,second round group b,14-Jun-78,Argentina,Poland,2,0
Argentina,second round group b,18-Jun-78,Peru,Poland,0,1
Argentina,second round group b,18-Jun-78,Argentina,Brazil,0,0
Argentina,second round group b,21-Jun-78,Poland,Brazil,1,3
Argentina,second round group b,21-Jun-78,Argentina,Peru,6,0
Argentina,third place match,24-Jun-78,Brazil,Italy,2,1
Argentina,final,25-Jun-78,Netherlands,Argentina,1,3
Spain,group,14-Jun-82,Italy,Poland,0,0
Spain,group,15-Jun-82,Peru,Cameroon,0,0
Spain,group,18-Jun-82,Italy,Peru,1,1
Spain,group,19-Jun-82,Poland,Cameroon,0,0
Spain,group,22-Jun-82,Poland,Peru,5,1
Spain,group,23-Jun-82,Italy,Cameroon,1,1
Spain,group,16-Jun-82,West Germany,Algeria,1,2
Spain,group,17-Jun-82,Chile,Austria,0,1
Spain,group,20-Jun-82,West Germany,Chile,4,1
Spain,group,21-Jun-82,Algeria,Austria,0,2
Spain,group,24-Jun-82,Algeria,Chile,3,2
Spain,group,25-Jun-82,West Germany,Austria,1,0
Spain,group,13-Jun-82,Argentina,Belgium,0,1
Spain,group,15-Jun-82,Hungary,El Salvador,10,1
Spain,group,18-Jun-82,Argentina,Hungary,4,1
Spain,group,19-Jun-82,Belgium,El Salvador,1,0
Spain,group,22-Jun-82,Belgium,Hungary,1,1
Spain,group,23-Jun-82,Argentina,El Salvador,2,0
Spain,group,16-Jun-82,England,France,3,1
Spain,group,17-Jun-82,Czechoslovakia,Kuwait,1,1
Spain,group,20-Jun-82,England,Czechoslovakia,2,0
Spain,group,21-Jun-82,France,Kuwait,4,1
Spain,group,24-Jun-82,France,Czechoslovakia,1,1
Spain,group,25-Jun-82,England,Kuwait,1,0
Spain,group,16-Jun-82,Spain,Honduras,1,1
Spain,group,17-Jun-82,Yugoslavia,Northern Ireland,0,0
Spain,group,20-Jun-82,Spain,Yugoslavia,2,1
Spain,group,21-Jun-82,Honduras,Northern Ireland,1,1
Spain,group,24-Jun-82,Honduras,Yugoslavia,0,1
Spain,group,25-Jun-82,Spain,Northern Ireland,0,1
Spain,group,14-Jun-82,Brazil,Soviet Union,2,1
Spain,group,15-Jun-82,Scotland,New Zealand,5,2
Spain,group,18-Jun-82,Brazil,Scotland,4,1
Spain,group,19-Jun-82,Soviet Union,New Zealand,3,0
Spain,group,22-Jun-82,Soviet Union,Scotland,2,2
Spain,group,23-Jun-82,Brazil,New Zealand,4,0
Spain,second round group a,28-Jun-82,Belgium,Poland,0,3
Spain,second round group a,1-Jul-82,Belgium,Soviet Union,0,1
Spain,second round group a,4-Jul-82,Soviet Union,Poland,0,0
Spain,second round group b,29-Jun-82,West Germany,England,0,0
Spain,second round group b,2-Jul-82,West Germany,Spain,2,1
Spain,second round group b,5-Jul-82,Spain,England,0,0
Spain,second round group c,29-Jun-82,Argentina,Italy,1,2
Spain,second round group c,2-Jul-82,Argentina,Brazil,1,3
Spain,second round group c,5-Jul-82,Brazil,Italy,2,3
Spain,second round group d,28-Jun-82,Austria,France,0,1
Spain,second round group d,1-Jul-82,Austria,Northern Ireland,2,2
Spain,second round group d,4-Jul-82,Northern Ireland,France,1,4
Spain,semi final,8-Jul-82,Poland,Italy,0,2
Spain,semi final,8-Jul-82,West Germany,France,5,4
Spain,third place match,10-Jul-82,Poland,France,3,2
Spain,final,11-Jul-82,Italy,West Germany,3,1
Mexico,group,31-Mai-1986,Italy,Bulgaria,1,1
Mexico,group,2-Jun-86,Argentina,Korea Republic,3,1
Mexico,group,5-Jun-86,Italy,Argentina,1,1
Mexico,group,5-Jun-86,Bulgaria,Korea Republic,1,1
Mexico,group,10-Jun-86,Italy,Korea Republic,3,2
Mexico,group,10-Jun-86,Argentina,Bulgaria,2,0
Mexico,group,3-Jun-86,Mexico,Belgium,2,1
Mexico,group,4-Jun-86,Paraguay,iraq,1,0
Mexico,group,7-Jun-86,Mexico,Paraguay,1,1
Mexico,group,8-Jun-86,Belgium,iraq,2,1
Mexico,group,11-Jun-86,Belgium,Paraguay,2,2
Mexico,group,11-Jun-86,Mexico,iraq,1,0
Mexico,group,1-Jun-86,France,Canada,1,0
Mexico,group,2-Jun-86,Soviet Union,Hungary,6,0
Mexico,group,5-Jun-86,France,Soviet Union,1,1
Mexico,group,6-Jun-86,Canada,Hungary,0,2
Mexico,group,9-Jun-86,France,Hungary,3,0
Mexico,group,9-Jun-86,Canada,Soviet Union,0,2
Mexico,group,1-Jun-86,Brazil,Spain,1,0
Mexico,group,3-Jun-86,Algeria,Northern Ireland,1,1
Mexico,group,6-Jun-86,Brazil,Algeria,1,0
Mexico,group,7-Jun-86,Spain,Northern Ireland,2,1
Mexico,group,12-Jun-86,Brazil,Northern Ireland,3,0
Mexico,group,12-Jun-86,Spain,Algeria,3,0
Mexico,group,4-Jun-86,West Germany,Uruguay,1,1
Mexico,group,4-Jun-86,Scotland,Denmark,0,1
Mexico,group,8-Jun-86,West Germany,Scotland,2,1
Mexico,group,8-Jun-86,Uruguay,Denmark,1,6
Mexico,group,13-Jun-86,West Germany,Denmark,0,2
Mexico,group,13-Jun-86,Uruguay,Scotland,0,0
Mexico,group,2-Jun-86,Poland,Morocco,0,0
Mexico,group,3-Jun-86,Portugal,England,1,0
Mexico,group,6-Jun-86,Morocco,England,0,0
Mexico,group,7-Jun-86,Poland,Portugal,1,0
Mexico,group,11-Jun-86,Poland,England,0,3
Mexico,group,11-Jun-86,Morocco,Portugal,3,1
Mexico,round of 16,15-Jun-86,Mexico,Bulgaria,2,0
Mexico,round of 16,15-Jun-86,Soviet Union,Belgium,3,4
Mexico,round of 16,16-Jun-86,Brazil,Poland,4,0
Mexico,round of 16,16-Jun-86,Argentina,Uruguay,1,0
Mexico,round of 16,17-Jun-86,France,Italy,2,0
Mexico,round of 16,17-Jun-86,Morocco,West Germany,0,1
Mexico,round of 16,18-Jun-86,England,Paraguay,3,0
Mexico,round of 16,18-Jun-86,Denmark,Spain,1,5
Mexico,quarter final,21-Jun-86,Brazil,France,3,4
Mexico,quarter final,21-Jun-86,Mexico,West Germany,1,4
Mexico,quarter final,22-Jun-86,Argentina,England,2,1
Mexico,quarter final,22-Jun-86,Belgium,Spain,5,4
Mexico,semi final,25-Jun-86,West Germany,France,2,0
Mexico,semi final,25-Jun-86,Argentina,Belgium,2,0
Mexico,third place match,28-Jun-86,France,Belgium,4,2
Mexico,final,29-Jun-86,Argentina,West Germany,3,2
Italy,group,9-Jun-90,Italy,Austria,1,0
Italy,group,10-Jun-90,United States,Czechoslovakia,1,5
Italy,group,14-Jun-90,Italy,United States,1,0
Italy,group,15-Jun-90,Austria,Czechoslovakia,0,1
Italy,group,19-Jun-90,Austria,United States,2,1
Italy,group,19-Jun-90,Italy,Czechoslovakia,2,0
Italy,group,8-Jun-90,Argentina,Cameroon,0,1
Italy,group,9-Jun-90,Soviet Union,Romania,0,2
Italy,group,13-Jun-90,Argentina,Soviet Union,2,0
Italy,group,14-Jun-90,Cameroon,Romania,2,1
Italy,group,18-Jun-90,Argentina,Romania,1,1
Italy,group,18-Jun-90,Cameroon,Soviet Union,0,4
Italy,group,10-Jun-90,Brazil,Sweden,2,1
Italy,group,11-Jun-90,Costa Rica,Scotland,1,0
Italy,group,16-Jun-90,Brazil,Costa Rica,1,0
Italy,group,16-Jun-90,Sweden,Scotland,1,2
Italy,group,20-Jun-90,Brazil,Scotland,1,0
Italy,group,20-Jun-90,Sweden,Costa Rica,1,2
Italy,group,9-Jun-90,United Arab Emirates,Colombia,0,2
Italy,group,10-Jun-90,West Germany,Yugoslavia,4,1
Italy,group,14-Jun-90,Yugoslavia,Colombia,1,0
Italy,group,15-Jun-90,West Germany,United Arab Emirates,5,1
Italy,group,19-Jun-90,West Germany,Colombia,1,1
Italy,group,19-Jun-90,Yugoslavia,United Arab Emirates,4,1
Italy,group,12-Jun-90,Belgium,Korea Republic,2,0
Italy,group,13-Jun-90,Uruguay,Spain,0,0
Italy,group,17-Jun-90,Belgium,Uruguay,3,1
Italy,group,17-Jun-90,Korea Republic,Spain,1,3
Italy,group,21-Jun-90,Belgium,Spain,1,2
Italy,group,21-Jun-90,Korea Republic,Uruguay,0,1
Italy,group,11-Jun-90,England,Republic of Ireland,1,1
Italy,group,12-Jun-90,Netherlands,Egypt,1,1
Italy,group,16-Jun-90,England,Netherlands,0,0
Italy,group,17-Jun-90,Republic of Ireland,Egypt,0,0
Italy,group,21-Jun-90,England,Egypt,1,0
Italy,group,21-Jun-90,Republic of Ireland,Netherlands,1,1
Italy,round of 16,23-Jun-90,Cameroon,Colombia,2,1
Italy,round of 16,23-Jun-90,Czechoslovakia,Costa Rica,4,1
Italy,round of 16,24-Jun-90,Brazil,Argentina,0,1
Italy,round of 16,24-Jun-90,West Germany,Netherlands,2,1
Italy,round of 16,25-Jun-90,Republic of Ireland,Romania,5,4
Italy,round of 16,25-Jun-90,Italy,Uruguay,2,0
Italy,round of 16,26-Jun-90,Spain,Yugoslavia,1,2
Italy,round of 16,26-Jun-90,England,Belgium,1,0
Italy,quarter final,30-Jun-90,Yugoslavia,Argentina,2,3
Italy,quarter final,30-Jun-90,Italy,Republic of Ireland,1,0
Italy,quarter final,1-Jul-90,West Germany,Czechoslovakia,1,0
Italy,quarter final,1-Jul-90,England,Cameroon,3,2
Italy,semi final,3-Jul-90,Italy,Argentina,3,4
Italy,semi final,4-Jul-90,West Germany,England,4,3
Italy,third place match,7-Jul-90,Italy,England,2,1
Italy,final,8-Jul-90,West Germany,Argentina,1,0
United States,group,18-Jun-94,United States,Switzerland,1,1
United States,group,18-Jun-94,Colombia,Romania,1,3
United States,group,22-Jun-94,Romania,Switzerland,1,4
United States,group,22-Jun-94,United States,Colombia,2,1
United States,group,26-Jun-94,Switzerland,Colombia,0,2
United States,group,26-Jun-94,United States,Romania,0,1
United States,group,19-Jun-94,Cameroon,Sweden,2,2
United States,group,20-Jun-94,Brazil,Russia,2,0
United States,group,24-Jun-94,Brazil,Cameroon,3,0
United States,group,24-Jun-94,Sweden,Russia,3,1
United States,group,28-Jun-94,Russia,Cameroon,6,1
United States,group,28-Jun-94,Brazil,Sweden,1,1
United States,group,17-Jun-94,Germany,Bolivia,1,0
United States,group,17-Jun-94,Spain,Korea Republic,2,2
United States,group,21-Jun-94,Germany,Spain,1,1
United States,group,23-Jun-94,Korea Republic,Bolivia,0,0
United States,group,27-Jun-94,Bolivia,Spain,1,3
United States,group,27-Jun-94,Germany,Korea Republic,3,2
United States,group,21-Jun-94,Argentina,Greece,4,0
United States,group,21-Jun-94,Nigeria,Bulgaria,3,0
United States,group,25-Jun-94,Argentina,Nigeria,2,1
United States,group,26-Jun-94,Greece,Bulgaria,0,4
United States,group,30-Jun-94,Argentina,Bulgaria,0,2
United States,group,30-Jun-94,Greece,Nigeria,0,2
United States,group,18-Jun-94,Italy,Republic of Ireland,0,1
United States,group,19-Jun-94,Norway,Mexico,1,0
United States,group,23-Jun-94,Italy,Norway,1,0
United States,group,24-Jun-94,Mexico,Republic of Ireland,2,1
United States,group,28-Jun-94,Italy,Mexico,1,1
United States,group,28-Jun-94,Republic of Ireland,Norway,0,0
United States,group,19-Jun-94,Belgium,Morocco,1,0
United States,group,20-Jun-94,Netherlands,Saudi Arabia,2,1
United States,group,25-Jun-94,Saudi Arabia,Morocco,2,1
United States,group,25-Jun-94,Belgium,Netherlands,1,0
United States,group,29-Jun-94,Belgium,Saudi Arabia,0,1
United States,group,29-Jun-94,Morocco,Netherlands,1,2
United States,round of 16,2-Jul-94,Germany,Belgium,3,2
United States,round of 16,2-Jul-94,Spain,Switzerland,3,0
United States,round of 16,3-Jul-94,Saudi Arabia,Sweden,1,3
United States,round of 16,3-Jul-94,Romania,Argentina,3,2
United States,round of 16,4-Jul-94,Netherlands,Republic of Ireland,2,0
United States,round of 16,4-Jul-94,Brazil,United States,1,0
United States,round of 16,5-Jul-94,Nigeria,Italy,1,2
United States,round of 16,5-Jul-94,Mexico,Bulgaria,1,3
United States,quarter final,9-Jul-94,Italy,Spain,2,1
United States,quarter final,9-Jul-94,Netherlands,Brazil,2,3
United States,quarter final,10-Jul-94,Bulgaria,Germany,2,1
United States,quarter final,10-Jul-94,Sweden,Romania,5,4
United States,semi final,13-Jul-94,Italy,Bulgaria,2,1
United States,semi final,13-Jul-94,Brazil,Sweden,1,0
United States,third place match,16-Jul-94,Sweden,Bulgaria,4,0
United States,final,17-Jul-94,Brazil,Italy,3,2
France,group,10-Jun-98,Brazil,Scotland,2,1
France,group,10-Jun-98,Morocco,Norway,2,2
France,group,16-Jun-98,Scotland,Norway,1,1
France,group,16-Jun-98,Brazil,Morocco,3,0
France,group,23-Jun-98,Brazil,Norway,1,2
France,group,23-Jun-98,Scotland,Morocco,0,3
France,group,11-Jun-98,Italy,Chile,2,2
France,group,11-Jun-98,Cameroon,Austria,1,1
France,group,17-Jun-98,Chile,Austria,1,1
France,group,17-Jun-98,Italy,Cameroon,3,0
France,group,23-Jun-98,Italy,Austria,2,1
France,group,23-Jun-98,Chile,Cameroon,1,1
France,group,12-Jun-98,Saudi Arabia,Denmark,0,1
France,group,12-Jun-98,France,South Africa,3,0
France,group,18-Jun-98,South Africa,Denmark,1,1
France,group,18-Jun-98,France,Saudi Arabia,4,0
France,group,24-Jun-98,France,Denmark,2,1
France,group,24-Jun-98,South Africa,Saudi Arabia,2,2
France,group,12-Jun-98,Paraguay,Bulgaria,0,0
France,group,13-Jun-98,Spain,Nigeria,2,3
France,group,19-Jun-98,Nigeria,Bulgaria,1,0
France,group,19-Jun-98,Spain,Paraguay,0,0
France,group,24-Jun-98,Nigeria,Paraguay,1,3
France,group,24-Jun-98,Spain,Bulgaria,6,1
France,group,13-Jun-98,Korea Republic,Mexico,1,3
France,group,13-Jun-98,Netherlands,Belgium,0,0
France,group,20-Jun-98,Belgium,Mexico,2,2
France,group,20-Jun-98,Netherlands,Korea Republic,5,0
France,group,25-Jun-98,Netherlands,Mexico,2,2
France,group,25-Jun-98,Belgium,Korea Republic,1,1
France,group,14-Jun-98,Yugoslavia,Iran,1,0
France,group,15-Jun-98,Germany,United States,2,0
France,group,21-Jun-98,Germany,Yugoslavia,2,2
France,group,21-Jun-98,United States,Iran,1,2
France,group,25-Jun-98,United States,Yugoslavia,0,1
France,group,25-Jun-98,Germany,Iran,2,0
France,group,15-Jun-98,England,Tunisia,2,0
France,group,15-Jun-98,Romania,Colombia,1,0
France,group,22-Jun-98,Colombia,Tunisia,1,0
France,group,22-Jun-98,Romania,England,2,1
France,group,26-Jun-98,Colombia,England,0,2
France,group,26-Jun-98,Romania,Tunisia,1,1
France,group,14-Jun-98,Argentina,Japan,1,0
France,group,14-Jun-98,Jamaica,Croatia,1,3
France,group,20-Jun-98,Japan,Croatia,0,1
France,group,21-Jun-98,Argentina,Jamaica,5,0
France,group,26-Jun-98,Argentina,Croatia,1,0
France,group,26-Jun-98,Japan,Jamaica,1,2
France,round of 16,27-Jun-98,Brazil,Chile,4,1
France,round of 16,28-Jun-98,Nigeria,Denmark,1,4
France,round of 16,29-Jun-98,Netherlands,Yugoslavia,2,1
France,round of 16,30-Jun-98,Argentina,England,4,3
France,round of 16,27-Jun-98,Italy,Norway,1,0
France,round of 16,28-Jun-98,France,Paraguay,1,0
France,round of 16,29-Jun-98,Germany,Mexico,2,1
France,round of 16,30-Jun-98,Romania,Croatia,0,1
France,quarter final,3-Jul-98,France,Italy,4,3
France,quarter final,3-Jul-98,Brazil,Denmark,3,2
France,quarter final,4-Jul-98,Netherlands,Argentina,2,1
France,quarter final,4-Jul-98,Germany,Croatia,0,3
France,semi final,7-Jul-98,Brazil,Netherlands,4,2
France,semi final,8-Jul-98,France,Croatia,2,1
France,third place match,11-Jul-98,Netherlands,Croatia,1,2
France,final,12-Jul-98,Brazil,France,0,3
Korea Republic & Japan,group,31-Mai-2002,France,Senegal,0,1
Korea Republic & Japan,group,1-Jun-02,Uruguay,Denmark,1,2
Korea Republic & Japan,group,6-Jun-02,Denmark,Senegal,1,1
Korea Republic & Japan,group,6-Jun-02,France,Uruguay,0,0
Korea Republic & Japan,group,11-Jun-02,Denmark,France,2,0
Korea Republic & Japan,group,11-Jun-02,Senegal,Uruguay,3,3
Korea Republic & Japan,group,2-Jun-02,Paraguay,South Africa,2,2
Korea Republic & Japan,group,2-Jun-02,Spain,Slovenia,3,1
Korea Republic & Japan,group,7-Jun-02,Spain,Paraguay,3,1
Korea Republic & Japan,group,8-Jun-02,South Africa,Slovenia,1,0
Korea Republic & Japan,group,12-Jun-02,South Africa,Spain,2,3
Korea Republic & Japan,group,12-Jun-02,Slovenia,Paraguay,1,3
Korea Republic & Japan,group,3-Jun-02,Brazil,Turkey,2,1
Korea Republic & Japan,group,4-Jun-02,China PR,Costa Rica,0,2
Korea Republic & Japan,group,8-Jun-02,Brazil,China PR,4,0
Korea Republic & Japan,group,9-Jun-02,Costa Rica,Turkey,1,1
Korea Republic & Japan,group,13-Jun-02,Costa Rica,Brazil,2,5
Korea Republic & Japan,group,13-Jun-02,Turkey,China PR,3,0
Korea Republic & Japan,group,4-Jun-02,Korea Republic,Poland,2,0
Korea Republic & Japan,group,5-Jun-02,United States,Portugal,3,2
Korea Republic & Japan,group,10-Jun-02,Korea Republic,United States,1,1
Korea Republic & Japan,group,10-Jun-02,Portugal,Poland,4,0
Korea Republic & Japan,group,14-Jun-02,Portugal,Korea Republic,0,1
Korea Republic & Japan,group,14-Jun-02,Poland,United States,3,1
Korea Republic & Japan,group,1-Jun-02,Republic of Ireland,Cameroon,1,1
Korea Republic & Japan,group,1-Jun-02,Germany,Saudi Arabia,8,0
Korea Republic & Japan,group,5-Jun-02,Germany,Republic of Ireland,1,1
Korea Republic & Japan,group,6-Jun-02,Cameroon,Saudi Arabia,1,0
Korea Republic & Japan,group,11-Jun-02,Cameroon,Germany,0,2
Korea Republic & Japan,group,11-Jun-02,Saudi Arabia,Republic of Ireland,0,3
Korea Republic & Japan,group,2-Jun-02,Argentina,Nigeria,1,0
Korea Republic & Japan,group,2-Jun-02,England,Sweden,1,1
Korea Republic & Japan,group,7-Jun-02,Sweden,Nigeria,2,1
Korea Republic & Japan,group,7-Jun-02,Argentina,England,0,1
Korea Republic & Japan,group,12-Jun-02,Sweden,Argentina,1,1
Korea Republic & Japan,group,12-Jun-02,Nigeria,England,0,0
Korea Republic & Japan,group,3-Jun-02,Croatia,Mexico,0,1
Korea Republic & Japan,group,3-Jun-02,Italy,Ecuador,2,0
Korea Republic & Japan,group,8-Jun-02,Italy,Croatia,1,2
Korea Republic & Japan,group,9-Jun-02,Mexico,Ecuador,2,1
Korea Republic & Japan,group,13-Jun-02,Mexico,Italy,1,1
Korea Republic & Japan,group,13-Jun-02,Ecuador,Croatia,1,0
Korea Republic & Japan,group,4-Jun-02,Japan,Belgium,2,2
Korea Republic & Japan,group,5-Jun-02,Russia,Tunisia,2,0
Korea Republic & Japan,group,9-Jun-02,Japan,Russia,1,0
Korea Republic & Japan,group,10-Jun-02,Tunisia,Belgium,1,1
Korea Republic & Japan,group,14-Jun-02,Tunisia,Japan,0,2
Korea Republic & Japan,group,14-Jun-02,Belgium,Russia,3,2
Korea Republic & Japan,round of 16,15-Jun-02,Germany,Paraguay,1,0
Korea Republic & Japan,round of 16,17-Jun-02,Mexico,United States,0,2
Korea Republic & Japan,round of 16,16-Jun-02,Spain,Republic of Ireland,3,2
Korea Republic & Japan,round of 16,18-Jun-02,Korea Republic,Italy,2,1
Korea Republic & Japan,round of 16,15-Jun-02,Denmark,England,0,3
Korea Republic & Japan,round of 16,17-Jun-02,Brazil,Belgium,2,0
Korea Republic & Japan,round of 16,16-Jun-02,Sweden,Senegal,1,2
Korea Republic & Japan,round of 16,18-Jun-02,Japan,Turkey,0,1
Korea Republic & Japan,quarter final,21-Jun-02,Germany,United States,1,0
Korea Republic & Japan,quarter final,22-Jun-02,Spain,Korea Republic,3,5
Korea Republic & Japan,quarter final,21-Jun-02,England,Brazil,1,2
Korea Republic & Japan,quarter final,22-Jun-02,Senegal,Turkey,0,1
Korea Republic & Japan,semi final,25-Jun-02,Germany,Korea Republic,1,0
Korea Republic & Japan,semi final,26-Jun-02,Brazil,Turkey,1,0
Korea Republic & Japan,third place match,29-Jun-02,Turkey,Korea Republic,3,2
Korea Republic & Japan,final,30-Jun-02,Germany,Brazil,0,2
Germany,group,9-Jun-2006,Germany,Costa Rica,4,2
Germany,group,9-Jun-2006,Poland,Ecuador,0,2
Germany,group,14-Jun-2006,Germany,Poland,1,0
Germany,group,15-Jun-2006,Ecuador,Costa Rica,3,0
Germany,group,20-Jun-2006,Ecuador,Germany,0,3
Germany,group,20-Jun-2006,Costa Rica,Poland,1,2
Germany,group,10-Jun-2006,England,Paraguay,1,0
Germany,group,10-Jun-2006,Trinidad and Tobago,Sweden,0,0
Germany,group,15-Jun-2006,England,Trinidad and Tobago,2,0
Germany,group,15-Jun-2006,Sweden,Paraguay,1,0
Germany,group,20-Jun-2006,Sweden,England,2,2
Germany,group,20-Jun-2006,Paraguay,Trinidad and Tobago,2,0
Germany,group,10-Jun-2006,Argentina,'C�te d''Ivoire',2,1
Germany,group,11-Jun-2006,Serbia and Montenegro,Netherlands,0,1
Germany,group,16-Jun-2006,Argentina,Serbia and Montenegro,6,0
Germany,group,16-Jun-2006,Netherlands,'C�te d''Ivoire',2,1
Germany,group,21-Jun-2006,Netherlands,Argentina,0,0
Germany,group,21-Jun-2006,'C�te d''Ivoire',Serbia and Montenegro,3,2
Germany,group,11-Jun-2006,Mexico,Iran,3,1
Germany,group,11-Jun-2006,Angola,Portugal,0,1
Germany,group,16-Jun-2006,Mexico,Angola,0,0
Germany,group,17-Jun-2006,Portugal,Iran,2,0
Germany,group,21-Jun-2006,Portugal,Mexico,2,1
Germany,group,21-Jun-2006,Iran,Angola,1,1
Germany,group,12-Jun-2006,United States,Czech Republic,0,3
Germany,group,12-Jun-2006,Italy,Ghana,2,0
Germany,group,17-Jun-2006,Czech Republic,Ghana,0,2
Germany,group,17-Jun-2006,Italy,United States,1,1
Germany,group,22-Jun-2006,Czech Republic,Italy,0,2
Germany,group,22-Jun-2006,Ghana,United States,2,1
Germany,group,12-Jun-2006,Australia,Japan,3,1
Germany,group,13-Jun-2006,Brazil,Croatia,1,0
Germany,group,18-Jun-2006,Croatia,Japan,0,0
Germany,group,18-Jun-2006,Brazil,Australia,2,0
Germany,group,22-Jun-2006,Japan,Brazil,1,4
Germany,group,22-Jun-2006,Croatia,Australia,2,2
Germany,group,13-Jun-2006,Korea Republic,Togo,2,1
Germany,group,13-Jun-2006,France,Switzerland,0,0
Germany,group,18-Jun-2006,France,Korea Republic,1,1
Germany,group,19-Jun-2006,Togo,Switzerland,0,2
Germany,group,23-Jun-2006,Togo,France,0,2
Germany,group,23-Jun-2006,Switzerland,Korea Republic,2,0
Germany,group,14-Jun-2006,Spain,Ukraine,4,0
Germany,group,14-Jun-2006,Tunisia,Saudi Arabia,2,2
Germany,group,19-Jun-2006,Saudi Arabia,Ukraine,0,4
Germany,group,19-Jun-2006,Spain,Tunisia,3,1
Germany,group,23-Jun-2006,Saudi Arabia,Spain,0,1
Germany,group,23-Jun-2006,Ukraine,Tunisia,1,0
Germany,round of 16,24-Jun-2006,Germany,Sweden,2,0
Germany,round of 16,24-Jun-2006,Argentina,Mexico,2,1
Germany,round of 16,26-Jun-2006,Italy,Australia,1,0
Germany,round of 16,26-Jun-2006,Switzerland,Ukraine,0,3
Germany,round of 16,25-Jun-2006,England,Ecuador,1,0
Germany,round of 16,25-Jun-2006,Portugal,Netherlands,1,0
Germany,round of 16,27-Jun-2006,Brazil,Ghana,3,0
Germany,round of 16,27-Jun-2006,Spain,France,1,3
Germany,quarter final,30-Jun-2006,Germany,Argentina,4,2
Germany,quarter final,30-Jun-2006,Italy,Ukraine,3,0
Germany,quarter final,1-Jul-2006,England,Portugal,1,3
Germany,quarter final,1-Jul-2006,Brazil,France,0,1
Germany,semi final,4-Jul-2006,Germany,Italy,0,2
Germany,semi final,5-Jul-2006,France,Portugal,1,0
Germany,third place match,8-Jul-2006,Germany,Portugal,3,1
Germany,final,9-Jul-2006,Italy,France,5,3
South Africa,group,11-Jun-10,South Africa,Mexico,1,1
South Africa,group,11-Jun-10,Uruguay,France,0,0
South Africa,group,16-Jun-10,South Africa,Uruguay,0,3
South Africa,group,17-Jun-10,France,Mexico,0,2
South Africa,group,22-Jun-10,Mexico,Uruguay,0,1
South Africa,group,22-Jun-10,France,South Africa,1,2
South Africa,group,12-Jun-10,Korea Republic,Greece,2,0
South Africa,group,12-Jun-10,Argentina,Nigeria,1,0
South Africa,group,17-Jun-10,Argentina,Korea Republic,4,1
South Africa,group,17-Jun-10,Greece,Nigeria,2,1
South Africa,group,22-Jun-10,Nigeria,Korea Republic,2,2
South Africa,group,22-Jun-10,Greece,Argentina,0,2
South Africa,group,12-Jun-10,England,USA,1,1
South Africa,group,13-Jun-10,Algeria,Slovenia,0,1
South Africa,group,18-Jun-10,Slovenia,USA,2,2
South Africa,group,18-Jun-10,England,Algeria,0,0
South Africa,group,23-Jun-10,USA,Algeria,1,0
South Africa,group,23-Jun-10,Slovenia ,England,0,1
South Africa,group,13-Jun-10,Serbia,Ghana,0,1
South Africa,group,13-Jun-10,Germany,Australia,4,0
South Africa,group,18-Jun-10,Germany,Serbia,0,1
South Africa,group,19-Jun-10,Ghana,Australia,1,1
South Africa,group,23-Jun-10,Australia,Serbia,2,1
South Africa,group,23-Jun-10,Ghana,Germany,0,1
South Africa,group,14-Jun-10,Netherlands,Denmark,2,0
South Africa,group,14-Jun-10,Japan,Cameroon,1,0
South Africa,group,19-Jun-10,Netherlands,Japan,1,0
South Africa,group,19-Jun-10,Cameroon,Denmark,1,2
South Africa,group,24-Jun-10,Denmark,Japan,1,3
South Africa,group,24-Jun-10,Cameroon,Netherlands,1,2
South Africa,group,14-Jun-10,Italy,Paraguay,1,1
South Africa,group,15-Jun-10,New Zealand,Slovakia,1,1
South Africa,group,20-Jun-10,Slovakia,Paraguay,0,2
South Africa,group,20-Jun-10,Italy,New Zealand,1,1
South Africa,group,24-Jun-10,Paraguay,New Zealand,0,0
South Africa,group,24-Jun-10,Slovakia   ,Italy,3,2
South Africa,group,15-Jun-10,'C�te d''Ivoire',Portugal,0,0
South Africa,group,15-Jun-10,Brazil,Korea DPR,2,1
South Africa,group,20-Jun-10,Brazil,'C�te d''Ivoire',3,1
South Africa,group,21-Jun-10,Portugal,Korea DPR,7,0
South Africa,group,25-Jun-10,Korea DPR,'C�te d''Ivoire',0,3
South Africa,group,25-Jun-10,Portugal ,Brazil,0,0
South Africa,group,16-Jun-10,Honduras,Chile,0,1
South Africa,group,16-Jun-10,Spain,Switzerland,0,1
South Africa,group,21-Jun-10,Chile,Switzerland,1,0
South Africa,group,21-Jun-10,Spain,Honduras,2,0
South Africa,group,25-Jun-10,Switzerland,Honduras,0,0
South Africa,group,25-Jun-10,Chile,Spain,1,2
South Africa,round of 16,26-Jun-10,Uruguay,Korea Republic,2,1
South Africa,round of 16,27-Jun-10,England,Germany,1,4
South Africa,round of 16,28-Jun-10,Netherlands,Slovakia,2,1
South Africa,round of 16,28-Jun-10,Brazil,Chile,3,0
South Africa,round of 16,27-Jun-10,Argentina,Mexico,3,1
South Africa,round of 16,26-Jun-10,Ghana,USA,2,1
South Africa,round of 16,29-Jun-10,Paraguay,Japan,1,0
South Africa,round of 16,29-Jun-10,Spain,Portugal,1,0
South Africa,round of 16,26-Jun-10,Uruguay,Korea Republic,2,1
South Africa,round of 16,27-Jun-10,England,Germany,1,4
South Africa,round of 16,28-Jun-10,Netherlands,Slovakia,2,1
South Africa,round of 16,28-Jun-10,Brazil,Chile,3,0
South Africa,round of 16,27-Jun-10,Argentina,Mexico,3,1
South Africa,round of 16,26-Jun-10,Ghana,USA,2,1
South Africa,round of 16,29-Jun-10,Paraguay,Japan,1,0
South Africa,round of 16,29-Jun-10,Spain,Portugal,1,0
South Africa,quarter final,02-Jul-10,Netherlands,Brazil,2,1
South Africa,quarter final,02-Jul-10,Uruguay,Ghana,5,3
South Africa,quarter final,03-Jul-10,Argentina,Germany,0,4
South Africa,quarter final,03-Jul-10,Paraguay,Spain,0,1
South Africa,quarter final,02-Jul-10,Netherlands,Brazil,2,1
South Africa,quarter final,02-Jul-10,Uruguay,Ghana,5,3
South Africa,quarter final,03-Jul-10,Argentina,Germany,0,4
South Africa,quarter final,03-Jul-10,Paraguay,Spain,0,1
South Africa,semi final,06-Jul-10,Uruguay,Netherlands,2,3
South Africa,semi final,07-Jul-10,Germany,Spain,0,1
South Africa,third place match,10-Jul-10,Uruguay,Germany,2,3
South Africa,final,11-Jul-10,Netherlands,Spain,0,1
